Workbook

Sheet Datos
A1: ID | B1: X | C1: Y | D1: Cluster
A2: 1 | B2: 2 | C2: 3 | D2: =Distancias!D2 -> 1
A3: 2 | B3: 5 | C3: 4 | D3: =Distancias!D3 -> 2
A4: 3 | B4: 1 | C4: 2 | D4: =Distancias!D4 -> 1
A5: 4 | B5: 6 | C5: 5 | D5: =Distancias!D5 -> 2
A6: 5 | B6: 1.5 | C6: 2.5 | D6: =Distancias!D6 -> 1
A7: 6 | B7: 7 | C7: 6 | D7: =Distancias!D7 -> 2
A8: 7 | B8: 8 | C8: 7 | D8: =Distancias!D8 -> 2
A9: 8 | B9: 1 | C9: 1.5 | D9: =Distancias!D9 -> 1
A10: 9 | B10: 9 | C10: 8 | D10: =Distancias!D10 -> 2
A11: 10 | B11: 0.5 | C11: 1 | D11: =Distancias!D11 -> 1

Sheet Centroides
A1: Primera Iteracion
A3: Cluster | B3: X Centroide | C3: Y Centroide
A4: 1 | B4: 1 | C4: 2
A5: 2 | B5: 5 | C5: 5
A9: Segunda Iteracion
A10: Cluster | B10: X Centroide | C10: Y Centroide
A11: 1 | B11: =AVERAGEIF(Datos!$D$2:$D$11,A11,Datos!$B$2:$B$11) -> 1.2 | C11: =AVERAGEIF(Datos!$D$2:$D$11,A11,Datos!$C$2:$C$11) -> 2
A12: 2 | B12: =AVERAGEIF(Datos!$D$2:$D$11,A12,Datos!$B$2:$B$11) -> 7 | C12: =AVERAGEIF(Datos!$D$2:$D$11,A12,Datos!$C$2:$C$11) -> 6

Sheet Distancias
A1: ID | B1: Distancia C1 | C1: Distancia C2 | D1: Clúster más cercano
A2: =Datos!A2 -> 1 | B2: =SQRT((Datos!B2-Centroides!$B$4)^2+(Datos!C2-Centroides!$C$4)^2) -> 1.4142136 | C2: =SQRT((Datos!B2-Centroides!$B$5)^2+(Datos!C2-Centroides!$C$5)^2) -> 3.6055513 | D2: =IF(B2<C2,1,2) -> 1
A3: =Datos!A3 -> 2 | B3: =SQRT((Datos!B3-Centroides!$B$4)^2+(Datos!C3-Centroides!$C$4)^2) -> 4.472136 | C3: =SQRT((Datos!B3-Centroides!$B$5)^2+(Datos!C3-Centroides!$C$5)^2) -> 1 | D3: =IF(B3<C3,1,2) -> 2
A4: =Datos!A4 -> 3 | B4: =SQRT((Datos!B4-Centroides!$B$4)^2+(Datos!C4-Centroides!$C$4)^2) -> 0 | C4: =SQRT((Datos!B4-Centroides!$B$5)^2+(Datos!C4-Centroides!$C$5)^2) -> 5 | D4: =IF(B4<C4,1,2) -> 1
A5: =Datos!A5 -> 4 | B5: =SQRT((Datos!B5-Centroides!$B$4)^2+(Datos!C5-Centroides!$C$4)^2) -> 5.8309519 | C5: =SQRT((Datos!B5-Centroides!$B$5)^2+(Datos!C5-Centroides!$C$5)^2) -> 1 | D5: =IF(B5<C5,1,2) -> 2
A6: =Datos!A6 -> 5 | B6: =SQRT((Datos!B6-Centroides!$B$4)^2+(Datos!C6-Centroides!$C$4)^2) -> 0.70710678 | C6: =SQRT((Datos!B6-Centroides!$B$5)^2+(Datos!C6-Centroides!$C$5)^2) -> 4.3011626 | D6: =IF(B6<C6,1,2) -> 1
A7: =Datos!A7 -> 6 | B7: =SQRT((Datos!B7-Centroides!$B$4)^2+(Datos!C7-Centroides!$C$4)^2) -> 7.2111026 | C7: =SQRT((Datos!B7-Centroides!$B$5)^2+(Datos!C7-Centroides!$C$5)^2) -> 2.236068 | D7: =IF(B7<C7,1,2) -> 2
A8: =Datos!A8 -> 7 | B8: =SQRT((Datos!B8-Centroides!$B$4)^2+(Datos!C8-Centroides!$C$4)^2) -> 8.6023253 | C8: =SQRT((Datos!B8-Centroides!$B$5)^2+(Datos!C8-Centroides!$C$5)^2) -> 3.6055513 | D8: =IF(B8<C8,1,2) -> 2
A9: =Datos!A9 -> 8 | B9: =SQRT((Datos!B9-Centroides!$B$4)^2+(Datos!C9-Centroides!$C$4)^2) -> 0.5 | C9: =SQRT((Datos!B9-Centroides!$B$5)^2+(Datos!C9-Centroides!$C$5)^2) -> 5.3150729 | D9: =IF(B9<C9,1,2) -> 1
A10: =Datos!A10 -> 9 | B10: =SQRT((Datos!B10-Centroides!$B$4)^2+(Datos!C10-Centroides!$C$4)^2) -> 10 | C10: =SQRT((Datos!B10-Centroides!$B$5)^2+(Datos!C10-Centroides!$C$5)^2) -> 5 | D10: =IF(B10<C10,1,2) -> 2
A11: =Datos!A11 -> 10 | B11: =SQRT((Datos!B11-Centroides!$B$4)^2+(Datos!C11-Centroides!$C$4)^2) -> 1.118034 | C11: =SQRT((Datos!B11-Centroides!$B$5)^2+(Datos!C11-Centroides!$C$5)^2) -> 6.0207973 | D11: =IF(B11<C11,1,2) -> 1
